{"stats":{"minecraft:custom":{"minecraft:mob_kills":39,"minecraft:inspect_hopper":16,"minecraft:interact_with_crafting_table":1,"minecraft:open_barrel":14,"minecraft:fill_cauldron":2,"minecraft:play_one_minute":1826069,"minecraft:leave_game":13,"minecraft:time_since_death":1253382,"minecraft:climb_one_cm":56478,"minecraft:time_since_rest":1253474,"minecraft:sprint_one_cm":668377,"minecraft:damage_taken":70,"minecraft:walk_one_cm":1005345,"minecraft:drop":289,"minecraft:damage_dealt":5771,"minecraft:fly_one_cm":1087588,"minecraft:open_chest":271,"minecraft:crouch_one_cm":38736,"minecraft:deaths":1,"minecraft:sneak_time":20539,"minecraft:walk_under_water_one_cm":141,"minecraft:jump":3396,"minecraft:walk_on_water_one_cm":2342,"minecraft:interact_with_smoker":14,"minecraft:use_cauldron":3,"minecraft:fall_one_cm":892},"minecraft:crafted":{"computercraft:turtle_normal":1},"minecraft:used":{"upgradednetherite:water_upgraded_netherite_bow":28,"desolation:charred_door":1,"goldenhopper:golden_hopper":6,"cnb:lizard_item_3":4,"stacked_dimensions_warden:sculk_zombie_spawn_egg":11,"minecraft:water_bucket":7,"minecraft:netherite_sword":21,"cavesandcliffs:pointed_dripstone":94,"supplementaries:netherite_door":2,"minecraft:oak_planks":17,"minecraft:diamond_hoe":75,"computercraft:turtle_advanced":1,"minecraft:ladder":20,"computercraft:monitor_advanced":32,"minecraft:oak_sign":2,"minecraft:chest":40,"minecraft:sandstone":338,"minecraft:stone":1,"minecraft:redstone_block":5,"minecraft:cauldron":93,"alexsmobs:spawn_egg_cockroach":8,"atmospheric:grimwood_sign":7,"theabyss:nosaj_sword":11,"computercraft:wireless_modem_advanced":7,"minecraft:torch":66,"minecraft:dirt":102,"theabyss:unknown_sword_upg_2":1,"minecraft:white_carpet":5,"minecraft:crafting_table":1,"minecraft:hopper":37,"computercraft:turtle_normal":105,"minecraft:yellow_carpet":1,"computercraft:computer_normal":12,"minecraft:smoker":4,"computercraft:speaker":1,"minecraft:glass":355,"minecraft:black_concrete":51,"minecraft:sea_lantern":34,"minecraft:lava_bucket":1,"upgrade_aquatic:glass_trapdoor":1,"minecraft:apple":2,"minecraft:command_block":1,"undergarden:smogstem_door":1,"minecraft:netherite_hoe":15,"theabyss:abysssword":5,"minecraft:iron_door":1,"minecraft:barrel":4,"computercraft:computer_advanced":4,"minecraft:diamond_sword":7,"minecraft:black_stained_glass":15,"minecraft:bow":8,"upgrade_aquatic:tooth_door":1,"computercraft:disk_drive":6,"minecraft:white_stained_glass":161,"goblintraders:goblin_trader_spawn_egg":1,"minecraft:repeating_command_block":2,"betterendforge:thallasium_sword":1,"minecraft:potato":90,"minecraft:white_concrete":383,"computercraft:monitor_normal":6,"stacked_dimensions_warden:warden_spawn_egg":6,"minecraft:bone_meal":64,"computercraft:wireless_modem_normal":5},"minecraft:dropped":{"minecraft:iron_ingot":1563,"minecraft:baked_potato":65,"minecraft:diamond":4727,"minecraft:coal":64,"minecraft:iron_block":1,"minecraft:potato":48,"minecraft:netherite_scrap":251,"minecraft:white_concrete":8,"minecraft:bow":10,"minecraft:iron_shovel":1},"minecraft:killed":{"minecraft:husk":2,"minecraft:wandering_trader":3,"minecraft:creeper":3,"minecraft:trader_llama":6,"alexsmobs:cockroach":6,"alexsmobs:elephant":1,"cnb:lizard":9,"goblintraders:goblin_trader":9},"minecraft:picked_up":{"minecraft:lead":6,"computercraft:turtle_advanced":1,"minecraft:leather":5,"minecraft:potato":96,"computercraft:disk":5,"minecraft:gunpowder":3,"minecraft:netherite_scrap":58,"minecraft:iron_shovel":1,"computercraft:turtle_normal":252,"minecraft:apple":17,"minecraft:bow":10,"alexsmobs:cockroach_wing_fragment":6,"computercraft:computer_advanced":2,"computercraft:wireless_modem_normal":1,"minecraft:iron_ingot":512,"minecraft:chest":1,"minecraft:torch":10,"minecraft:poisonous_potato":3,"minecraft:sand":5,"computercraft:computer_normal":5,"alexsmobs:animal_dictionary":1,"minecraft:rotten_flesh":2,"minecraft:diamond":1253,"minecraft:white_concrete":8,"minecraft:baked_potato":26648,"minecraft:coal":2944}},"DataVersion":2586}