{
  "cfm:recipes/cfm/spruce_kitchen_drawer": {
    "criteria": {
      "has_chest": "2021-06-09 03:13:02 +0200"
    },
    "done": true
  },
  "minecraft:recipes/building_blocks/black_stained_glass": {
    "criteria": {
      "has_glass": "2021-06-09 03:12:48 +0200"
    },
    "done": true
  },
  "repurposed_structures:igloos": {
    "criteria": {
      "always": "2021-06-09 02:35:53 +0200"
    },
    "done": true
  },
  "cfm:recipes/cfm/yellow_cooler": {
    "criteria": {
      "has_chest": "2021-06-09 03:13:02 +0200"
    },
    "done": true
  },
  "minecraft:recipes/combat/iron_sword": {
    "criteria": {
      "has_iron_ingot": "2021-06-16 01:39:32 +0200"
    },
    "done": true
  },
  "minecraft:recipes/building_blocks/stone_bricks": {
    "criteria": {
      "has_stone": "2021-06-16 01:24:20 +0200"
    },
    "done": true
  },
  "advancementplus:plus/all_netherite_tools": {
    "criteria": {
      "has_hoe": "2021-06-09 13:14:02 +0200",
      "has_sword": "2021-06-09 11:57:29 +0200"
    },
    "done": false
  },
  "supplementaries:recipes/netherite_door": {
    "criteria": {
      "has_plank": "2021-06-20 00:54:23 +0200"
    },
    "done": true
  },
  "minecraft:recipes/building_blocks/lime_concrete_powder": {
    "criteria": {
      "has_sand": "2021-06-09 11:57:32 +0200"
    },
    "done": true
  },
  "minecraft:recipes/building_blocks/gray_stained_glass": {
    "criteria": {
      "has_glass": "2021-06-09 03:12:48 +0200"
    },
    "done": true
  },
  "minecraft:recipes/tools/iron_pickaxe": {
    "criteria": {
      "has_iron_ingot": "2021-06-16 01:39:32 +0200"
    },
    "done": true
  },
  "variant16x:recipes/redstone/middle_weighted_pressure_plate": {
    "criteria": {
      "has_diamond": "2021-06-16 02:28:21 +0200"
    },
    "done": true
  },
  "minecraft:recipes/building_blocks/yellow_concrete_powder": {
    "criteria": {
      "has_sand": "2021-06-09 11:57:32 +0200"
    },
    "done": true
  },
  "minecraft:recipes/combat/leather_helmet": {
    "criteria": {
      "has_leather": "2021-06-20 23:02:35 +0200"
    },
    "done": true
  },
  "supplementaries:recipes/illuminator": {
    "criteria": {
      "has_item": "2021-06-09 17:46:28 +0200"
    },
    "done": true
  },
  "minecraft:recipes/decorations/crafting_table": {
    "criteria": {
      "has_planks": "2021-06-09 03:09:44 +0200"
    },
    "done": true
  },
  "cfm:recipes/cfm/stripped_birch_kitchen_sink_light": {
    "criteria": {
      "has_bucket": "2021-06-09 12:05:40 +0200"
    },
    "done": true
  },
  "minecraft:recipes/building_blocks/purple_stained_glass": {
    "criteria": {
      "has_glass": "2021-06-09 03:12:48 +0200"
    },
    "done": true
  },
  "cfm:recipes/cfm/light_gray_kitchen_counter": {
    "criteria": {
      "has_stone": "2021-06-16 01:24:20 +0200"
    },
    "done": true
  },
  "computercraft:recipes/computercraft/pocket_computer_advanced": {
    "criteria": {
      "has_computer": "2021-06-09 12:18:56 +0200"
    },
    "done": true
  },
  "minecraft:recipes/building_blocks/chiseled_stone_bricks_stone_from_stonecutting": {
    "criteria": {
      "has_stone": "2021-06-16 01:24:20 +0200"
    },
    "done": true
  },
  "cfm:recipes/cfm/green_kitchen_counter": {
    "criteria": {
      "has_stone": "2021-06-16 01:24:20 +0200"
    },
    "done": true
  },
  "campful:recipes/campfire/poise_campfire": {
    "criteria": {
      "has_coal": "2021-06-09 11:51:36 +0200"
    },
    "done": true
  },
  "computercraft:recipes/computercraft/computer_command": {
    "criteria": {
      "has_components": "2021-06-16 16:03:29 +0200"
    },
    "done": true
  },
  "minecraft:recipes/decorations/black_carpet_from_white_carpet": {
    "criteria": {
      "has_black_dye": "2021-06-09 12:15:46 +0200"
    },
    "done": true
  },
  "campful:recipes/campfire/cypress_campfire": {
    "criteria": {
      "has_coal": "2021-06-09 11:51:36 +0200"
    },
    "done": true
  },
  "undergarden:recipes/undergarden_group/catalyst": {
    "criteria": {
      "has_iron": "2021-06-16 01:39:32 +0200"
    },
    "done": true
  },
  "minecraft:recipes/tools/shears": {
    "criteria": {
      "has_iron_ingot": "2021-06-16 01:39:32 +0200"
    },
    "done": true
  },
  "minecraft:recipes/misc/stick": {
    "criteria": {
      "has_planks": "2021-06-09 03:09:44 +0200"
    },
    "done": true
  },
  "minecraft:recipes/building_blocks/stone_brick_slab_from_stone_stonecutting": {
    "criteria": {
      "has_stone": "2021-06-16 01:24:20 +0200"
    },
    "done": true
  },
  "betterendforge:recipes/betterendforge/iron_hammer": {
    "criteria": {
      "has_iron_ingot": "2021-06-16 01:39:32 +0200"
    },
    "done": true
  },
  "computercraft:recipes/computercraft/disk_drive": {
    "criteria": {
      "has_computer": "2021-06-09 12:18:56 +0200"
    },
    "done": true
  },
  "cfm:recipes/cfm/brown_grill": {
    "criteria": {
      "has_iron": "2021-06-16 01:39:32 +0200"
    },
    "done": true
  },
  "cfm:recipes/cfm/green_grill": {
    "criteria": {
      "has_iron": "2021-06-16 01:39:32 +0200"
    },
    "done": true
  },
  "cfm:recipes/cfm/purple_kitchen_counter": {
    "criteria": {
      "has_stone": "2021-06-16 01:24:20 +0200"
    },
    "done": true
  },
  "minecraft:recipes/redstone/dispenser": {
    "criteria": {
      "has_bow": "2021-06-09 13:37:55 +0200"
    },
    "done": true
  },
  "cfm:recipes/cfm/pink_kitchen_drawer": {
    "criteria": {
      "has_chest": "2021-06-09 03:13:02 +0200"
    },
    "done": true
  },
  "cfm:recipes/cfm/lime_kitchen_drawer": {
    "criteria": {
      "has_chest": "2021-06-09 03:13:02 +0200"
    },
    "done": true
  },
  "cfm:recipes/cfm/dark_oak_kitchen_drawer": {
    "criteria": {
      "has_chest": "2021-06-09 03:13:02 +0200"
    },
    "done": true
  },
  "cfm:recipes/cfm/crimson_kitchen_sink_light": {
    "criteria": {
      "has_bucket": "2021-06-09 12:05:40 +0200"
    },
    "done": true
  },
  "campful:recipes/campfire/redbud_campfire": {
    "criteria": {
      "has_coal": "2021-06-09 11:51:36 +0200"
    },
    "done": true
  },
  "variant16x:recipes/building_blocks/white_concrete_stairs": {
    "criteria": {
      "has_white_concrete": "2021-06-09 17:46:39 +0200"
    },
    "done": true
  },
  "cfm:recipes/cfm/stripped_jungle_kitchen_sink_dark": {
    "criteria": {
      "has_bucket": "2021-06-09 12:05:40 +0200"
    },
    "done": true
  },
  "cfm:recipes/cfm/red_cooler": {
    "criteria": {
      "has_chest": "2021-06-09 03:13:02 +0200"
    },
    "done": true
  },
  "minecraft:recipes/combat/iron_leggings": {
    "criteria": {
      "has_iron_ingot": "2021-06-16 01:39:32 +0200"
    },
    "done": true
  },
  "minecraft:recipes/building_blocks/sandstone_stairs": {
    "criteria": {
      "has_sandstone": "2021-06-09 03:01:32 +0200"
    },
    "done": true
  },
  "minecraft:recipes/combat/shield": {
    "criteria": {
      "has_iron_ingot": "2021-06-16 01:39:32 +0200"
    },
    "done": true
  },
  "cfm:recipes/cfm/gray_kitchen_sink": {
    "criteria": {
      "has_bucket": "2021-06-09 12:05:40 +0200"
    },
    "done": true
  },
  "cfm:recipes/cfm/gray_kitchen_drawer": {
    "criteria": {
      "has_chest": "2021-06-09 03:13:02 +0200"
    },
    "done": true
  },
  "variant16x:recipes/redstone/white_concrete_pressure_plate": {
    "criteria": {
      "has_white_concrete": "2021-06-09 17:46:39 +0200"
    },
    "done": true
  },
  "variant16x:recipes/redstone/glass_pressure_plate": {
    "criteria": {
      "has_glass": "2021-06-09 03:12:48 +0200"
    },
    "done": true
  },
  "cfm:recipes/cfm/cyan_kitchen_counter": {
    "criteria": {
      "has_stone": "2021-06-16 01:24:20 +0200"
    },
    "done": true
  },
  "cfm:recipes/cfm/black_kitchen_counter": {
    "criteria": {
      "has_stone": "2021-06-16 01:24:20 +0200"
    },
    "done": true
  },
  "cfm:recipes/cfm/oak_bedside_cabinet": {
    "criteria": {
      "has_planks": "2021-06-09 03:09:44 +0200"
    },
    "done": true
  },
  "minecraft:recipes/redstone/hopper": {
    "criteria": {
      "has_iron_ingot": "2021-06-16 01:39:32 +0200"
    },
    "done": true
  },
  "cavesandcliffs:recipes/decorations/white_candle": {
    "criteria": {
      "has_white_dye": "2021-06-09 12:15:37 +0200"
    },
    "done": true
  },
  "cfm:recipes/cfm/orange_grill": {
    "criteria": {
      "has_iron": "2021-06-16 01:39:32 +0200"
    },
    "done": true
  },
  "minecraft:recipes/building_blocks/light_gray_concrete_powder": {
    "criteria": {
      "has_sand": "2021-06-09 11:57:32 +0200"
    },
    "done": true
  },
  "variant16x:recipes/redstone/white_stained_glass_pressure_plate": {
    "criteria": {
      "has_white_stained_glass": "2021-06-09 17:46:15 +0200"
    },
    "done": true
  },
  "minecraft:recipes/misc/lime_dye": {
    "criteria": {
      "has_white_dye": "2021-06-09 12:15:37 +0200"
    },
    "done": true
  },
  "cfm:recipes/cfm/blue_grill": {
    "criteria": {
      "has_iron": "2021-06-16 01:39:32 +0200"
    },
    "done": true
  },
  "cfm:recipes/cfm/black_kitchen_sink": {
    "criteria": {
      "has_bucket": "2021-06-09 12:05:40 +0200"
    },
    "done": true
  },
  "cfm:recipes/cfm/jungle_kitchen_sink_light": {
    "criteria": {
      "has_bucket": "2021-06-09 12:05:40 +0200"
    },
    "done": true
  },
  "minecraft:recipes/combat/leather_leggings": {
    "criteria": {
      "has_leather": "2021-06-20 23:02:35 +0200"
    },
    "done": true
  },
  "minecraft:recipes/building_blocks/pink_concrete_powder": {
    "criteria": {
      "has_sand": "2021-06-09 11:57:32 +0200"
    },
    "done": true
  },
  "minecraft:recipes/building_blocks/sandstone_slab": {
    "criteria": {
      "has_sandstone": "2021-06-09 03:01:33 +0200"
    },
    "done": true
  },
  "minecraft:recipes/building_blocks/yellow_stained_glass": {
    "criteria": {
      "has_glass": "2021-06-09 03:12:48 +0200"
    },
    "done": true
  },
  "minecraft:recipes/building_blocks/stone_stairs_from_stone_stonecutting": {
    "criteria": {
      "has_stone": "2021-06-16 01:24:20 +0200"
    },
    "done": true
  },
  "cfm:recipes/cfm/spruce_kitchen_sink_dark": {
    "criteria": {
      "has_bucket": "2021-06-09 12:05:40 +0200"
    },
    "done": true
  },
  "cfm:recipes/cfm/purple_grill": {
    "criteria": {
      "has_iron": "2021-06-16 01:39:32 +0200"
    },
    "done": true
  },
  "minecraft:recipes/decorations/iron_bars": {
    "criteria": {
      "has_iron_ingot": "2021-06-16 01:39:32 +0200"
    },
    "done": true
  },
  "cfm:recipes/cfm/brown_cooler": {
    "criteria": {
      "has_chest": "2021-06-09 03:13:02 +0200"
    },
    "done": true
  },
  "cfm:recipes/cfm/dark_oak_kitchen_sink_dark": {
    "criteria": {
      "has_bucket": "2021-06-09 12:05:40 +0200"
    },
    "done": true
  },
  "cfm:recipes/cfm/purple_kitchen_sink": {
    "criteria": {
      "has_bucket": "2021-06-09 12:05:40 +0200"
    },
    "done": true
  },
  "exoticbirds:default/root": {
    "criteria": {
      "launch_mod": "2021-06-09 02:35:53 +0200"
    },
    "done": true
  },
  "cfm:recipes/cfm/magenta_kitchen_drawer": {
    "criteria": {
      "has_chest": "2021-06-09 03:13:02 +0200"
    },
    "done": true
  },
  "cfm:recipes/cfm/brown_kitchen_drawer": {
    "criteria": {
      "has_chest": "2021-06-09 03:13:02 +0200"
    },
    "done": true
  },
  "cfm:recipes/cfm/dark_oak_kitchen_sink_light": {
    "criteria": {
      "has_bucket": "2021-06-09 12:05:40 +0200"
    },
    "done": true
  },
  "betterendforge:recipes/betterendforge/leather_to_stripes": {
    "criteria": {
      "has_leather": "2021-06-20 23:02:35 +0200"
    },
    "done": true
  },
  "minecraft:recipes/brewing/cauldron": {
    "criteria": {
      "has_water_bucket": "2021-06-09 03:12:53 +0200"
    },
    "done": true
  },
  "minecraft:recipes/combat/diamond_leggings": {
    "criteria": {
      "has_diamond": "2021-06-16 02:28:21 +0200"
    },
    "done": true
  },
  "minecraft:recipes/building_blocks/red_stained_glass": {
    "criteria": {
      "has_glass": "2021-06-09 03:12:48 +0200"
    },
    "done": true
  },
  "minecraft:recipes/building_blocks/sandstone": {
    "criteria": {
      "has_sand": "2021-06-09 11:57:32 +0200"
    },
    "done": true
  },
  "variant16x:recipes/building_blocks/black_concrete_slab": {
    "criteria": {
      "has_black_concrete": "2021-06-09 17:46:41 +0200"
    },
    "done": true
  },
  "campful:recipes/campfire/jacaranda_campfire": {
    "criteria": {
      "has_coal": "2021-06-09 11:51:36 +0200"
    },
    "done": true
  },
  "minecraft:story/lava_bucket": {
    "criteria": {
      "lava_bucket": "2021-06-09 11:59:39 +0200"
    },
    "done": true
  },
  "supplementaries:recipes/pedestal": {
    "criteria": {
      "has_item": "2021-06-16 01:24:20 +0200"
    },
    "done": true
  },
  "minecraft:recipes/building_blocks/oak_stairs": {
    "criteria": {
      "has_planks": "2021-06-09 03:09:44 +0200"
    },
    "done": true
  },
  "campful:recipes/campfire/cherry_campfire": {
    "criteria": {
      "has_coal": "2021-06-09 11:51:36 +0200"
    },
    "done": true
  },
  "cfm:recipes/cfm/oak_kitchen_drawer": {
    "criteria": {
      "has_planks": "2021-06-09 03:09:44 +0200"
    },
    "done": true
  },
  "extendedmushrooms:recipes/transportation/mushroom_wood/glowshroom/glowshroom_boat": {
    "criteria": {
      "in_water": "2021-06-09 11:43:32 +0200"
    },
    "done": true
  },
  "minecraft:recipes/transportation/acacia_boat": {
    "criteria": {
      "in_water": "2021-06-09 11:43:32 +0200"
    },
    "done": true
  },
  "minecraft:recipes/redstone/iron_trapdoor": {
    "criteria": {
      "has_iron_ingot": "2021-06-16 01:39:32 +0200"
    },
    "done": true
  },
  "aquaculture:recipes/tools/iron_fillet_knife": {
    "criteria": {
      "has_items": "2021-06-16 01:39:32 +0200"
    },
    "done": true
  },
  "minecraft:recipes/decorations/light_blue_carpet_from_white_carpet": {
    "criteria": {
      "has_white_carpet": "2021-06-09 18:01:42 +0200"
    },
    "done": true
  },
  "aquaculture:recipes/tools/iron_fishing_rod": {
    "criteria": {
      "has_iron": "2021-06-16 01:39:32 +0200"
    },
    "done": true
  },
  "cfm:recipes/cfm/blue_kitchen_counter": {
    "criteria": {
      "has_stone": "2021-06-16 01:24:20 +0200"
    },
    "done": true
  },
  "minecraft:recipes/building_blocks/ice_from_freezing": {
    "criteria": {
      "has_water": "2021-06-09 03:12:53 +0200"
    },
    "done": true
  },
  "valhelsia_structures:recipes/valhelsia_structures_main/metal_framed_glass": {
    "criteria": {
      "has_item": "2021-06-09 03:12:48 +0200"
    },
    "done": true
  },
  "minecraft:adventure/root": {
    "criteria": {
      "killed_something": "2021-06-09 11:54:43 +0200"
    },
    "done": true
  },
  "repurposed_structures:mineshafts": {
    "criteria": {
      "always": "2021-06-09 02:35:53 +0200"
    },
    "done": true
  },
  "rediscovered:recipes/spikes": {
    "criteria": {
      "has_rabbit_hide": "2021-06-16 01:39:32 +0200"
    },
    "done": true
  },
  "minecraft:recipes/building_blocks/white_concrete_powder": {
    "criteria": {
      "has_sand": "2021-06-09 11:57:32 +0200"
    },
    "done": true
  },
  "computercraft:recipes/computercraft/wired_modem": {
    "criteria": {
      "has_the_recipe": "2021-06-09 12:18:56 +0200",
      "has_computer": "2021-06-09 12:18:56 +0200"
    },
    "done": true
  },
  "minecraft:recipes/building_blocks/stone_brick_stairs_from_stone_stonecutting": {
    "criteria": {
      "has_stone": "2021-06-16 01:24:20 +0200"
    },
    "done": true
  },
  "minecraft:recipes/tools/diamond_pickaxe": {
    "criteria": {
      "has_diamond": "2021-06-16 02:28:21 +0200"
    },
    "done": true
  },
  "cfm:recipes/cfm/acacia_kitchen_sink_dark": {
    "criteria": {
      "has_bucket": "2021-06-09 12:05:40 +0200"
    },
    "done": true
  },
  "minecraft:adventure/kill_all_mobs": {
    "criteria": {
      "minecraft:creeper": "2021-06-09 11:54:43 +0200",
      "minecraft:husk": "2021-06-09 11:57:32 +0200"
    },
    "done": false
  },
  "betterendforge:recipes/betterendforge/diamond_hammer": {
    "criteria": {
      "has_diamond_ingot": "2021-06-16 02:28:21 +0200"
    },
    "done": true
  },
  "cfm:recipes/cfm/stripped_spruce_kitchen_sink_light": {
    "criteria": {
      "has_bucket": "2021-06-09 12:05:40 +0200"
    },
    "done": true
  },
  "repurposed_structures:cities": {
    "criteria": {
      "always": "2021-06-09 02:35:53 +0200"
    },
    "done": true
  },
  "minecraft:recipes/building_blocks/lime_stained_glass": {
    "criteria": {
      "has_glass": "2021-06-09 03:12:48 +0200"
    },
    "done": true
  },
  "minecraft:recipes/decorations/lime_carpet_from_white_carpet": {
    "criteria": {
      "has_white_carpet": "2021-06-09 18:01:42 +0200"
    },
    "done": true
  },
  "minecraft:recipes/misc/iron_nugget_from_smelting": {
    "criteria": {
      "has_iron_shovel": "2021-06-16 02:51:15 +0200"
    },
    "done": true
  },
  "cfm:recipes/cfm/blue_kitchen_sink": {
    "criteria": {
      "has_bucket": "2021-06-09 12:05:40 +0200"
    },
    "done": true
  },
  "rediscovered:recipes/dirt_slab": {
    "criteria": {
      "has_planks": "2021-06-09 03:13:09 +0200"
    },
    "done": true
  },
  "cfm:recipes/cfm/pink_grill": {
    "criteria": {
      "has_iron": "2021-06-16 01:39:32 +0200"
    },
    "done": true
  },
  "minecraft:recipes/decorations/chain": {
    "criteria": {
      "has_iron_ingot": "2021-06-16 01:39:32 +0200"
    },
    "done": true
  },
  "minecraft:recipes/misc/light_blue_dye_from_blue_white_dye": {
    "criteria": {
      "has_white_dye": "2021-06-09 12:15:37 +0200"
    },
    "done": true
  },
  "variant16x:recipes/redstone/black_concrete_pressure_plate": {
    "criteria": {
      "has_black_concrete": "2021-06-09 17:46:41 +0200"
    },
    "done": true
  },
  "cfm:recipes/cfm/magenta_grill": {
    "criteria": {
      "has_iron": "2021-06-16 01:39:32 +0200"
    },
    "done": true
  },
  "minecraft:recipes/decorations/oak_fence": {
    "criteria": {
      "has_planks": "2021-06-09 03:09:44 +0200"
    },
    "done": true
  },
  "variant16x:recipes/building_blocks/black_stained_glass_slab": {
    "criteria": {
      "has_black_stained_glass": "2021-06-09 17:46:20 +0200"
    },
    "done": true
  },
  "supplementaries:recipes/pulley_block": {
    "criteria": {
      "has_plank": "2021-06-16 01:39:32 +0200"
    },
    "done": true
  },
  "minecraft:recipes/food/baked_potato_from_grill_cooking": {
    "criteria": {
      "has_potato": "2021-06-09 03:13:14 +0200"
    },
    "done": true
  },
  "minecraft:recipes/building_blocks/light_blue_stained_glass": {
    "criteria": {
      "has_glass": "2021-06-09 03:12:48 +0200"
    },
    "done": true
  },
  "minecraft:recipes/food/baked_potato_from_campfire_cooking": {
    "criteria": {
      "has_potato": "2021-06-09 03:13:14 +0200"
    },
    "done": true
  },
  "minecraft:recipes/building_blocks/orange_concrete_powder": {
    "criteria": {
      "has_sand": "2021-06-09 11:57:32 +0200"
    },
    "done": true
  },
  "minecraft:recipes/building_blocks/oak_slab": {
    "criteria": {
      "has_planks": "2021-06-09 03:09:44 +0200"
    },
    "done": true
  },
  "variant16x:recipes/building_blocks/white_stained_glass_stairs": {
    "criteria": {
      "has_white_stained_glass": "2021-06-09 17:46:15 +0200"
    },
    "done": true
  },
  "minecraft:recipes/decorations/light_gray_carpet_from_white_carpet": {
    "criteria": {
      "has_white_carpet": "2021-06-09 18:01:43 +0200"
    },
    "done": true
  },
  "repurposed_structures:shipwrecks": {
    "criteria": {
      "always": "2021-06-09 02:35:53 +0200"
    },
    "done": true
  },
  "minecraft:recipes/misc/pink_dye_from_red_white_dye": {
    "criteria": {
      "has_white_dye": "2021-06-09 12:15:37 +0200"
    },
    "done": true
  },
  "computercraft:recipes/computercraft/monitor_advanced": {
    "criteria": {
      "has_computer": "2021-06-09 12:18:56 +0200"
    },
    "done": true
  },
  "cfm:recipes/cfm/stripped_crimson_kitchen_sink_light": {
    "criteria": {
      "has_bucket": "2021-06-09 12:05:40 +0200"
    },
    "done": true
  },
  "repurposed_structures:villages": {
    "criteria": {
      "always": "2021-06-09 02:35:53 +0200"
    },
    "done": true
  },
  "cfm:recipes/cfm/stripped_oak_kitchen_sink_dark": {
    "criteria": {
      "has_bucket": "2021-06-09 12:05:40 +0200"
    },
    "done": true
  },
  "cfm:recipes/cfm/crimson_kitchen_drawer": {
    "criteria": {
      "has_chest": "2021-06-09 03:13:02 +0200"
    },
    "done": true
  },
  "minecraft:recipes/brewing/glass_bottle": {
    "criteria": {
      "has_glass": "2021-06-09 03:12:48 +0200"
    },
    "done": true
  },
  "valhelsia_structures:recipes/valhelsia_structures_main/brazier": {
    "criteria": {
      "has_item": "2021-06-09 11:51:36 +0200"
    },
    "done": true
  },
  "variant16x:recipes/transportation/warped_boat": {
    "criteria": {
      "in_water": "2021-06-09 11:43:32 +0200"
    },
    "done": true
  },
  "campful:recipes/campfire/birch_campfire": {
    "criteria": {
      "has_coal": "2021-06-09 11:51:36 +0200"
    },
    "done": true
  },
  "cfm:recipes/cfm/stripped_spruce_kitchen_drawer": {
    "criteria": {
      "has_chest": "2021-06-09 03:13:02 +0200"
    },
    "done": true
  },
  "variant16x:recipes/decorations/cut_sandstone_wall_from_sandstone_stonecutting": {
    "criteria": {
      "has_sandstone": "2021-06-09 03:01:32 +0200"
    },
    "done": true
  },
  "cfm:recipes/cfm/pink_cooler": {
    "criteria": {
      "has_chest": "2021-06-09 03:13:02 +0200"
    },
    "done": true
  },
  "cfm:recipes/cfm/cyan_kitchen_drawer": {
    "criteria": {
      "has_chest": "2021-06-09 03:13:02 +0200"
    },
    "done": true
  },
  "cfm:recipes/cfm/fridge_dark": {
    "criteria": {
      "has_chest": "2021-06-09 03:13:02 +0200"
    },
    "done": true
  },
  "cfm:recipes/cfm/crimson_kitchen_sink_dark": {
    "criteria": {
      "has_bucket": "2021-06-09 12:05:40 +0200"
    },
    "done": true
  },
  "minecraft:recipes/building_blocks/iron_block": {
    "criteria": {
      "has_iron_ingot": "2021-06-16 01:39:32 +0200"
    },
    "done": true
  },
  "cfm:recipes/cfm/oak_chair": {
    "criteria": {
      "has_planks": "2021-06-09 03:09:44 +0200"
    },
    "done": true
  },
  "cfm:recipes/cfm/blue_cooler": {
    "criteria": {
      "has_chest": "2021-06-09 03:13:02 +0200"
    },
    "done": true
  },
  "variant16x:recipes/building_blocks/glass_slab": {
    "criteria": {
      "has_glass": "2021-06-09 03:12:48 +0200"
    },
    "done": true
  },
  "variant16x:recipes/redstone/black_stained_glass_pressure_plate": {
    "criteria": {
      "has_black_stained_glass": "2021-06-09 17:46:20 +0200"
    },
    "done": true
  },
  "minecraft:recipes/building_blocks/green_stained_glass": {
    "criteria": {
      "has_glass": "2021-06-09 03:12:48 +0200"
    },
    "done": true
  },
  "cfm:recipes/cfm/acacia_kitchen_sink_light": {
    "criteria": {
      "has_bucket": "2021-06-09 12:05:40 +0200"
    },
    "done": true
  },
  "variant16x:recipes/building_blocks/glass_stairs": {
    "criteria": {
      "has_glass": "2021-06-09 03:12:48 +0200"
    },
    "done": true
  },
  "supplementaries:recipes/sconce": {
    "criteria": {
      "has_item": "2021-06-09 11:54:07 +0200"
    },
    "done": true
  },
  "cfm:recipes/cfm/blue_kitchen_drawer": {
    "criteria": {
      "has_chest": "2021-06-09 03:13:02 +0200"
    },
    "done": true
  },
  "cfm:recipes/cfm/black_picket_fence": {
    "criteria": {
      "has_concrete": "2021-06-09 17:46:41 +0200"
    },
    "done": true
  },
  "cfm:recipes/cfm/cyan_kitchen_sink": {
    "criteria": {
      "has_bucket": "2021-06-09 12:05:40 +0200"
    },
    "done": true
  },
  "minecraft:recipes/building_blocks/gray_concrete_powder": {
    "criteria": {
      "has_sand": "2021-06-09 11:57:32 +0200"
    },
    "done": true
  },
  "minecraft:husbandry/obtain_netherite_hoe": {
    "criteria": {
      "netherite_hoe": "2021-06-09 13:14:02 +0200"
    },
    "done": true
  },
  "advancementplus:plus/i_am_hungry": {
    "criteria": {
      "has_smoker": "2021-06-09 03:12:05 +0200"
    },
    "done": true
  },
  "variant16x:recipes/redstone/black_concrete_button": {
    "criteria": {
      "has_black_concrete": "2021-06-09 17:46:40 +0200"
    },
    "done": true
  },
  "cfm:recipes/cfm/red_kitchen_counter": {
    "criteria": {
      "has_stone": "2021-06-16 01:24:20 +0200"
    },
    "done": true
  },
  "minecraft:recipes/tools/iron_axe": {
    "criteria": {
      "has_iron_ingot": "2021-06-16 01:39:32 +0200"
    },
    "done": true
  },
  "cfm:recipes/cfm/spruce_mail_box": {
    "criteria": {
      "has_chest": "2021-06-09 03:13:02 +0200"
    },
    "done": true
  },
  "cfm:recipes/cfm/green_kitchen_sink": {
    "criteria": {
      "has_bucket": "2021-06-09 12:05:40 +0200"
    },
    "done": true
  },
  "advancementplus:plus/light_from_the_ocean": {
    "criteria": {
      "has_sea_lantern": "2021-06-09 17:46:28 +0200"
    },
    "done": true
  },
  "cfm:recipes/cfm/purple_kitchen_drawer": {
    "criteria": {
      "has_chest": "2021-06-09 03:13:02 +0200"
    },
    "done": true
  },
  "cavesandcliffs:recipes/decorations/black_candle": {
    "criteria": {
      "has_black_dye": "2021-06-09 12:15:46 +0200"
    },
    "done": true
  },
  "variant16x:recipes/building_blocks/black_stained_glass_stairs": {
    "criteria": {
      "has_black_stained_glass": "2021-06-09 17:46:20 +0200"
    },
    "done": true
  },
  "minecraft:recipes/combat/iron_boots": {
    "criteria": {
      "has_iron_ingot": "2021-06-16 01:39:32 +0200"
    },
    "done": true
  },
  "campful:recipes/campfire/maple_campfire": {
    "criteria": {
      "has_coal": "2021-06-09 11:51:36 +0200"
    },
    "done": true
  },
  "minecraft:recipes/building_blocks/black_concrete_powder": {
    "criteria": {
      "has_sand": "2021-06-09 11:57:32 +0200"
    },
    "done": true
  },
  "cfm:recipes/cfm/stripped_acacia_kitchen_sink_dark": {
    "criteria": {
      "has_bucket": "2021-06-09 12:05:40 +0200"
    },
    "done": true
  },
  "computercraft:recipes/computercraft/wired_modem_full_to": {
    "criteria": {
      "has_the_recipe": "2021-06-09 12:18:56 +0200"
    },
    "done": true
  },
  "minecraft:recipes/building_blocks/sandstone_stairs_from_sandstone_stonecutting": {
    "criteria": {
      "has_sandstone": "2021-06-09 03:01:33 +0200"
    },
    "done": true
  },
  "minecraft:recipes/decorations/orange_carpet_from_white_carpet": {
    "criteria": {
      "has_white_carpet": "2021-06-09 18:01:42 +0200"
    },
    "done": true
  },
  "cfm:recipes/cfm/orange_kitchen_drawer": {
    "criteria": {
      "has_chest": "2021-06-09 03:13:02 +0200"
    },
    "done": true
  },
  "supplementaries:recipes/item_shelf": {
    "criteria": {
      "has_item": "2021-06-09 03:09:44 +0200"
    },
    "done": true
  },
  "computercraft:recipes/computercraft/monitor_normal": {
    "criteria": {
      "has_computer": "2021-06-09 12:18:56 +0200"
    },
    "done": true
  },
  "minecraft:recipes/redstone/stone_button": {
    "criteria": {
      "has_stone": "2021-06-16 01:24:20 +0200"
    },
    "done": true
  },
  "minecraft:recipes/combat/crossbow": {
    "criteria": {
      "has_iron_ingot": "2021-06-16 01:39:32 +0200"
    },
    "done": true
  },
  "minecraft:recipes/combat/iron_chestplate": {
    "criteria": {
      "has_iron_ingot": "2021-06-16 01:39:32 +0200"
    },
    "done": true
  },
  "minecraft:recipes/decorations/oak_sign": {
    "criteria": {
      "has_oak_planks": "2021-06-09 03:09:44 +0200"
    },
    "done": true
  },
  "cfm:recipes/cfm/stripped_birch_mail_box": {
    "criteria": {
      "has_chest": "2021-06-09 03:13:02 +0200"
    },
    "done": true
  },
  "campful:recipes/campfire/willow_campfire": {
    "criteria": {
      "has_coal": "2021-06-09 11:51:36 +0200"
    },
    "done": true
  },
  "minecraft:recipes/redstone/oak_trapdoor": {
    "criteria": {
      "has_planks": "2021-06-09 03:09:44 +0200"
    },
    "done": true
  },
  "repurposed_structures:mansions": {
    "criteria": {
      "always": "2021-06-09 02:35:53 +0200"
    },
    "done": true
  },
  "comforts:rope_and_nail": {
    "criteria": {
      "has_iron": "2021-06-16 01:39:32 +0200"
    },
    "done": true
  },
  "minecraft:recipes/building_blocks/red_concrete_powder": {
    "criteria": {
      "has_sand": "2021-06-09 11:57:32 +0200"
    },
    "done": true
  },
  "variant16x:recipes/building_blocks/white_concrete_slab": {
    "criteria": {
      "has_white_concrete": "2021-06-09 17:46:39 +0200"
    },
    "done": true
  },
  "cfm:recipes/cfm/stripped_oak_mail_box": {
    "criteria": {
      "has_chest": "2021-06-09 03:13:02 +0200"
    },
    "done": true
  },
  "minecraft:recipes/misc/iron_nugget_from_blasting": {
    "criteria": {
      "has_iron_shovel": "2021-06-16 02:51:15 +0200"
    },
    "done": true
  },
  "nethers_exoticism:nethers_exoticism_adv": {
    "criteria": {
      "nethers_exoticism_adv": "2021-06-09 02:35:53 +0200"
    },
    "done": true
  },
  "minecraft:adventure/kill_a_mob": {
    "criteria": {
      "minecraft:creeper": "2021-06-09 11:54:43 +0200"
    },
    "done": true
  },
  "cfm:recipes/cfm/stripped_birch_kitchen_sink_dark": {
    "criteria": {
      "has_bucket": "2021-06-09 12:05:40 +0200"
    },
    "done": true
  },
  "advancementplus:plus/all_the_biomes": {
    "criteria": {
      "minecraft:desert": "2021-06-09 02:35:53 +0200"
    },
    "done": false
  },
  "supplementaries:recipes/sign_post_oak": {
    "criteria": {
      "has_plank": "2021-06-09 03:09:44 +0200"
    },
    "done": true
  },
  "minecraft:recipes/decorations/stonecutter": {
    "criteria": {
      "has_stone": "2021-06-16 01:24:20 +0200"
    },
    "done": true
  },
  "variant16x:recipes/redstone/white_stained_glass_button": {
    "criteria": {
      "has_white_stained_glass": "2021-06-09 17:46:15 +0200"
    },
    "done": true
  },
  "minecraft:recipes/misc/gray_dye": {
    "criteria": {
      "has_white_dye": "2021-06-09 12:15:37 +0200"
    },
    "done": true
  },
  "minecraft:adventure/adventuring_time": {
    "criteria": {
      "minecraft:desert": "2021-06-09 02:35:53 +0200"
    },
    "done": false
  },
  "cfm:recipes/cfm/stripped_crimson_kitchen_sink_dark": {
    "criteria": {
      "has_bucket": "2021-06-09 12:05:40 +0200"
    },
    "done": true
  },
  "cfm:recipes/cfm/red_grill": {
    "criteria": {
      "has_iron": "2021-06-16 01:39:32 +0200"
    },
    "done": true
  },
  "supplementaries:recipes/jar": {
    "criteria": {
      "has_item": "2021-06-09 03:12:48 +0200"
    },
    "done": true
  },
  "cfm:recipes/cfm/green_kitchen_drawer": {
    "criteria": {
      "has_chest": "2021-06-09 03:13:02 +0200"
    },
    "done": true
  },
  "cfm:recipes/cfm/brown_kitchen_counter": {
    "criteria": {
      "has_stone": "2021-06-16 01:24:20 +0200"
    },
    "done": true
  },
  "minecraft:recipes/decorations/barrel": {
    "criteria": {
      "has_planks": "2021-06-09 03:09:44 +0200"
    },
    "done": true
  },
  "betterendforge:recipes/betterendforge/thallasium_nugget_from_sword_smelting": {
    "criteria": {
      "has_thallasium_sword": "2021-06-10 00:22:41 +0200"
    },
    "done": true
  },
  "cfm:recipes/cfm/stone_cabinet": {
    "criteria": {
      "has_log": "2021-06-16 01:24:20 +0200"
    },
    "done": true
  },
  "cfm:recipes/cfm/stripped_acacia_kitchen_sink_light": {
    "criteria": {
      "has_bucket": "2021-06-09 12:05:40 +0200"
    },
    "done": true
  },
  "cfm:recipes/cfm/orange_kitchen_counter": {
    "criteria": {
      "has_stone": "2021-06-16 01:24:20 +0200"
    },
    "done": true
  },
  "minecraft:recipes/decorations/smithing_table": {
    "criteria": {
      "has_iron_ingot": "2021-06-16 01:39:32 +0200"
    },
    "done": true
  },
  "campful:recipes/campfire/jungle_campfire": {
    "criteria": {
      "has_coal": "2021-06-09 11:51:36 +0200"
    },
    "done": true
  },
  "cfm:recipes/cfm/oak_desk_cabinet": {
    "criteria": {
      "has_planks": "2021-06-09 03:09:44 +0200"
    },
    "done": true
  },
  "variant16x:recipes/redstone/sandstone_button": {
    "criteria": {
      "has_sandstone": "2021-06-09 03:01:32 +0200"
    },
    "done": true
  },
  "minecraft:recipes/building_blocks/brown_stained_glass": {
    "criteria": {
      "has_glass": "2021-06-09 03:12:48 +0200"
    },
    "done": true
  },
  "minecraft:recipes/redstone/stone_pressure_plate": {
    "criteria": {
      "has_stone": "2021-06-16 01:24:20 +0200"
    },
    "done": true
  },
  "minecraft:recipes/combat/leather_boots": {
    "criteria": {
      "has_leather": "2021-06-20 23:02:35 +0200"
    },
    "done": true
  },
  "minecraft:recipes/misc/netherite_ingot": {
    "criteria": {
      "has_netherite_scrap": "2021-06-20 00:54:23 +0200"
    },
    "done": true
  },
  "cfm:recipes/cfm/light_gray_cooler": {
    "criteria": {
      "has_chest": "2021-06-09 03:13:02 +0200"
    },
    "done": true
  },
  "minecraft:recipes/building_blocks/light_gray_stained_glass": {
    "criteria": {
      "has_glass": "2021-06-09 03:12:48 +0200"
    },
    "done": true
  },
  "cfm:recipes/cfm/stripped_dark_oak_mail_box": {
    "criteria": {
      "has_chest": "2021-06-09 03:13:02 +0200"
    },
    "done": true
  },
  "cfm:recipes/cfm/red_kitchen_drawer": {
    "criteria": {
      "has_chest": "2021-06-09 03:13:02 +0200"
    },
    "done": true
  },
  "minecraft:recipes/building_blocks/diamond_block": {
    "criteria": {
      "has_diamond": "2021-06-16 02:28:21 +0200"
    },
    "done": true
  },
  "cfm:recipes/cfm/light_blue_kitchen_drawer": {
    "criteria": {
      "has_chest": "2021-06-09 03:13:02 +0200"
    },
    "done": true
  },
  "cfm:recipes/cfm/black_grill": {
    "criteria": {
      "has_iron": "2021-06-16 01:39:32 +0200"
    },
    "done": true
  },
  "computercraft:recipes/computercraft/wired_modem_full_from": {
    "criteria": {
      "has_the_recipe": "2021-06-09 12:18:56 +0200"
    },
    "done": true
  },
  "variant16x:recipes/redstone/sandstone_pressure_plate": {
    "criteria": {
      "has_sandstone": "2021-06-09 03:01:32 +0200"
    },
    "done": true
  },
  "cfm:recipes/cfm/warped_kitchen_sink_light": {
    "criteria": {
      "has_bucket": "2021-06-09 12:05:40 +0200"
    },
    "done": true
  },
  "minecraft:recipes/misc/light_gray_dye_from_gray_white_dye": {
    "criteria": {
      "has_white_dye": "2021-06-09 12:15:37 +0200"
    },
    "done": true
  },
  "nature_expansion:first_advancement": {
    "criteria": {
      "first_advancement": "2021-06-09 02:35:53 +0200"
    },
    "done": true
  },
  "cfm:recipes/cfm/stripped_dark_oak_kitchen_drawer": {
    "criteria": {
      "has_chest": "2021-06-09 03:13:02 +0200"
    },
    "done": true
  },
  "cfm:recipes/cfm/white_kitchen_counter": {
    "criteria": {
      "has_stone": "2021-06-16 01:24:20 +0200"
    },
    "done": true
  },
  "computercraft:recipes/computercraft/wireless_modem_advanced": {
    "criteria": {
      "has_computer": "2021-06-09 12:18:57 +0200"
    },
    "done": true
  },
  "cfm:recipes/cfm/light_blue_cooler": {
    "criteria": {
      "has_chest": "2021-06-09 03:13:02 +0200"
    },
    "done": true
  },
  "minecraft:recipes/decorations/lantern": {
    "criteria": {
      "has_iron_ingot": "2021-06-16 01:39:32 +0200"
    },
    "done": true
  },
  "supplementaries:recipes/bellows": {
    "criteria": {
      "has_item": "2021-06-20 23:02:35 +0200"
    },
    "done": true
  },
  "cfm:recipes/cfm/light_blue_grill": {
    "criteria": {
      "has_iron": "2021-06-16 01:39:32 +0200"
    },
    "done": true
  },
  "cfm:recipes/cfm/stripped_acacia_mail_box": {
    "criteria": {
      "has_chest": "2021-06-09 03:13:02 +0200"
    },
    "done": true
  },
  "cfm:recipes/cfm/post_box": {
    "criteria": {
      "has_iron": "2021-06-16 01:39:32 +0200"
    },
    "done": true
  },
  "cfm:recipes/cfm/stripped_acacia_kitchen_drawer": {
    "criteria": {
      "has_chest": "2021-06-09 03:13:02 +0200"
    },
    "done": true
  },
  "cfm:recipes/cfm/jungle_kitchen_sink_dark": {
    "criteria": {
      "has_bucket": "2021-06-09 12:05:40 +0200"
    },
    "done": true
  },
  "minecraft:recipes/decorations/sandstone_wall": {
    "criteria": {
      "has_sandstone": "2021-06-09 03:01:33 +0200"
    },
    "done": true
  },
  "cfm:recipes/cfm/purple_cooler": {
    "criteria": {
      "has_chest": "2021-06-09 03:13:02 +0200"
    },
    "done": true
  },
  "cfm:recipes/cfm/stripped_jungle_kitchen_drawer": {
    "criteria": {
      "has_chest": "2021-06-09 03:13:02 +0200"
    },
    "done": true
  },
  "cfm:recipes/cfm/birch_kitchen_drawer": {
    "criteria": {
      "has_chest": "2021-06-09 03:13:02 +0200"
    },
    "done": true
  },
  "cfm:recipes/cfm/stripped_spruce_kitchen_sink_dark": {
    "criteria": {
      "has_bucket": "2021-06-09 12:05:40 +0200"
    },
    "done": true
  },
  "cfm:recipes/cfm/stone_table": {
    "criteria": {
      "has_log": "2021-06-16 01:24:20 +0200"
    },
    "done": true
  },
  "cfm:recipes/cfm/light_blue_kitchen_sink": {
    "criteria": {
      "has_bucket": "2021-06-09 12:05:40 +0200"
    },
    "done": true
  },
  "cfm:recipes/cfm/black_cooler": {
    "criteria": {
      "has_chest": "2021-06-09 03:13:02 +0200"
    },
    "done": true
  },
  "computercraft:recipes/skull_dan200": {
    "criteria": {
      "has_advanced": "2021-06-09 12:18:56 +0200"
    },
    "done": true
  },
  "cfm:recipes/cfm/stripped_dark_oak_kitchen_sink_dark": {
    "criteria": {
      "has_bucket": "2021-06-09 12:05:40 +0200"
    },
    "done": true
  },
  "minecraft:recipes/misc/light_gray_dye_from_black_white_dye": {
    "criteria": {
      "has_white_dye": "2021-06-09 12:15:37 +0200"
    },
    "done": true
  },
  "cfm:recipes/cfm/yellow_kitchen_sink": {
    "criteria": {
      "has_bucket": "2021-06-09 12:05:40 +0200"
    },
    "done": true
  },
  "cfm:recipes/cfm/birch_kitchen_sink_dark": {
    "criteria": {
      "has_bucket": "2021-06-09 12:05:40 +0200"
    },
    "done": true
  },
  "cfm:recipes/cfm/white_kitchen_sink": {
    "criteria": {
      "has_bucket": "2021-06-09 12:05:40 +0200"
    },
    "done": true
  },
  "cfm:recipes/cfm/lime_kitchen_counter": {
    "criteria": {
      "has_stone": "2021-06-16 01:24:20 +0200"
    },
    "done": true
  },
  "illagers_plus:root": {
    "criteria": {
      "crafting_table": "2021-06-22 04:39:05 +0200"
    },
    "done": true
  },
  "cfm:recipes/cfm/stripped_dark_oak_kitchen_sink_light": {
    "criteria": {
      "has_bucket": "2021-06-09 12:05:40 +0200"
    },
    "done": true
  },
  "repurposed_structures:pyramids": {
    "criteria": {
      "always": "2021-06-09 02:35:53 +0200"
    },
    "done": true
  },
  "minecraft:recipes/building_blocks/magenta_concrete_powder": {
    "criteria": {
      "has_sand": "2021-06-09 11:57:32 +0200"
    },
    "done": true
  },
  "cfm:recipes/cfm/white_cooler": {
    "criteria": {
      "has_chest": "2021-06-09 03:13:02 +0200"
    },
    "done": true
  },
  "cfm:recipes/cfm/birch_kitchen_sink_light": {
    "criteria": {
      "has_bucket": "2021-06-09 12:05:40 +0200"
    },
    "done": true
  },
  "cfm:recipes/cfm/red_kitchen_sink": {
    "criteria": {
      "has_bucket": "2021-06-09 12:05:40 +0200"
    },
    "done": true
  },
  "campful:recipes/campfire/rosewood_campfire": {
    "criteria": {
      "has_coal": "2021-06-09 11:51:36 +0200"
    },
    "done": true
  },
  "variant16x:recipes/decorations/glass_wall": {
    "criteria": {
      "has_glass": "2021-06-09 03:12:48 +0200"
    },
    "done": true
  },
  "betterendforge:recipes/betterendforge/iron_chandelier": {
    "criteria": {
      "has_iron_ingot": "2021-06-16 01:39:32 +0200"
    },
    "done": true
  },
  "minecraft:recipes/building_blocks/cut_sandstone_from_sandstone_stonecutting": {
    "criteria": {
      "has_sandstone": "2021-06-09 03:01:33 +0200"
    },
    "done": true
  },
  "cfm:recipes/cfm/stripped_warped_mail_box": {
    "criteria": {
      "has_chest": "2021-06-09 03:13:02 +0200"
    },
    "done": true
  },
  "variant16x:recipes/decorations/white_stained_glass_wall": {
    "criteria": {
      "has_white_stained_glass": "2021-06-09 17:46:15 +0200"
    },
    "done": true
  },
  "cc:recipes/misc/claim_block": {
    "criteria": {
      "has_sign": "2021-06-09 12:15:11 +0200"
    },
    "done": true
  },
  "cfm:recipes/cfm/stone_desk_cabinet": {
    "criteria": {
      "has_log": "2021-06-16 01:24:20 +0200"
    },
    "done": true
  },
  "minecraft:recipes/decorations/campfire": {
    "criteria": {
      "has_coal": "2021-06-09 11:51:36 +0200"
    },
    "done": true
  },
  "campful:recipes/campfire/driftwood_campfire": {
    "criteria": {
      "has_coal": "2021-06-09 11:51:36 +0200"
    },
    "done": true
  },
  "cfm:recipes/cfm/light_blue_kitchen_counter": {
    "criteria": {
      "has_stone": "2021-06-16 01:24:20 +0200"
    },
    "done": true
  },
  "minecraft:recipes/redstone/redstone": {
    "criteria": {
      "has_redstone_block": "2021-06-16 16:04:00 +0200"
    },
    "done": true
  },
  "minecraft:recipes/building_blocks/smooth_stone": {
    "criteria": {
      "has_stone": "2021-06-16 01:24:20 +0200"
    },
    "done": true
  },
  "cfm:recipes/cfm/stone_coffee_table": {
    "criteria": {
      "has_log": "2021-06-16 01:24:20 +0200"
    },
    "done": true
  },
  "variant16x:recipes/redstone/white_concrete_button": {
    "criteria": {
      "has_white_concrete": "2021-06-09 17:46:39 +0200"
    },
    "done": true
  },
  "minecraft:recipes/misc/iron_nugget": {
    "criteria": {
      "has_iron_ingot": "2021-06-16 01:39:32 +0200"
    },
    "done": true
  },
  "repurposed_structures:witch_huts": {
    "criteria": {
      "always": "2021-06-09 02:35:53 +0200"
    },
    "done": true
  },
  "minecraft:recipes/building_blocks/brown_concrete_powder": {
    "criteria": {
      "has_sand": "2021-06-09 11:57:32 +0200"
    },
    "done": true
  },
  "minecraft:recipes/building_blocks/stone_slab_from_stone_stonecutting": {
    "criteria": {
      "has_stone": "2021-06-16 01:24:20 +0200"
    },
    "done": true
  },
  "minecraft:recipes/decorations/purple_carpet_from_white_carpet": {
    "criteria": {
      "has_white_carpet": "2021-06-09 18:01:42 +0200"
    },
    "done": true
  },
  "minecraft:recipes/combat/diamond_sword": {
    "criteria": {
      "has_diamond": "2021-06-16 02:28:21 +0200"
    },
    "done": true
  },
  "minecraft:recipes/building_blocks/blue_stained_glass": {
    "criteria": {
      "has_glass": "2021-06-09 03:12:48 +0200"
    },
    "done": true
  },
  "cfm:recipes/cfm/oak_crate": {
    "criteria": {
      "has_planks": "2021-06-09 03:09:44 +0200"
    },
    "done": true
  },
  "minecraft:recipes/misc/white_dye": {
    "criteria": {
      "has_bone_meal": "2021-06-09 11:50:32 +0200"
    },
    "done": true
  },
  "minecraft:recipes/decorations/red_carpet_from_white_carpet": {
    "criteria": {
      "has_white_carpet": "2021-06-09 18:01:42 +0200"
    },
    "done": true
  },
  "cfm:recipes/cfm/trampoline": {
    "criteria": {
      "has_iron": "2021-06-16 01:39:32 +0200"
    },
    "done": true
  },
  "variant16x:recipes/transportation/crimson_boat": {
    "criteria": {
      "in_water": "2021-06-09 11:43:32 +0200"
    },
    "done": true
  },
  "campful:recipes/campfire/river_campfire": {
    "criteria": {
      "has_coal": "2021-06-09 11:51:36 +0200"
    },
    "done": true
  },
  "cfm:recipes/cfm/rock_path": {
    "criteria": {
      "has_stone": "2021-06-16 01:24:20 +0200"
    },
    "done": true
  },
  "minecraft:recipes/transportation/spruce_boat": {
    "criteria": {
      "in_water": "2021-06-09 11:43:32 +0200"
    },
    "done": true
  },
  "minecraft:recipes/decorations/jukebox": {
    "criteria": {
      "has_diamond": "2021-06-16 02:28:21 +0200"
    },
    "done": true
  },
  "variant16x:recipes/decorations/white_concrete_wall": {
    "criteria": {
      "has_white_concrete": "2021-06-09 17:46:39 +0200"
    },
    "done": true
  },
  "cfm:recipes/cfm/green_cooler": {
    "criteria": {
      "has_chest": "2021-06-09 03:13:02 +0200"
    },
    "done": true
  },
  "supplementaries:recipes/netherite_trapdoor": {
    "criteria": {
      "has_plank": "2021-06-20 00:54:23 +0200"
    },
    "done": true
  },
  "variant16x:recipes/decorations/black_stained_glass_wall": {
    "criteria": {
      "has_black_stained_glass": "2021-06-09 17:46:20 +0200"
    },
    "done": true
  },
  "cfm:recipes/cfm/oak_kitchen_counter": {
    "criteria": {
      "has_planks": "2021-06-09 03:09:44 +0200"
    },
    "done": true
  },
  "cfm:recipes/cfm/light_gray_kitchen_drawer": {
    "criteria": {
      "has_chest": "2021-06-09 03:13:02 +0200"
    },
    "done": true
  },
  "cfm:recipes/cfm/stripped_oak_kitchen_drawer": {
    "criteria": {
      "has_chest": "2021-06-09 03:13:02 +0200"
    },
    "done": true
  },
  "supplementaries:recipes/hanging_sign_oak": {
    "criteria": {
      "has_plank": "2021-06-09 03:09:44 +0200"
    },
    "done": true
  },
  "minecraft:husbandry/balanced_diet": {
    "criteria": {
      "apple": "2021-06-09 16:14:08 +0200"
    },
    "done": false
  },
  "cfm:recipes/cfm/stripped_spruce_mail_box": {
    "criteria": {
      "has_chest": "2021-06-09 03:13:02 +0200"
    },
    "done": true
  },
  "supplementaries:recipes/jar_tinted": {
    "criteria": {
      "has_item": "2021-06-09 17:46:15 +0200"
    },
    "done": true
  },
  "upgrade_aquatic:adventure/unethical_dentistry": {
    "criteria": {
      "tooth_door": "2021-06-09 17:57:33 +0200"
    },
    "done": true
  },
  "cfm:recipes/cfm/stone_desk": {
    "criteria": {
      "has_log": "2021-06-16 01:24:20 +0200"
    },
    "done": true
  },
  "minecraft:recipes/misc/bucket": {
    "criteria": {
      "has_iron_ingot": "2021-06-16 01:39:32 +0200"
    },
    "done": true
  },
  "cfm:recipes/cfm/oak_kitchen_sink_dark": {
    "criteria": {
      "has_bottom": "2021-06-09 03:09:44 +0200"
    },
    "done": true
  },
  "cfm:recipes/cfm/yellow_kitchen_counter": {
    "criteria": {
      "has_stone": "2021-06-16 01:24:20 +0200"
    },
    "done": true
  },
  "campful:recipes/campfire/yucca_campfire": {
    "criteria": {
      "has_coal": "2021-06-09 11:51:36 +0200"
    },
    "done": true
  },
  "minecraft:recipes/building_blocks/chiseled_sandstone_from_sandstone_stonecutting": {
    "criteria": {
      "has_sandstone": "2021-06-09 03:01:33 +0200"
    },
    "done": true
  },
  "aquaculture:recipes/tools/diamond_fillet_knife": {
    "criteria": {
      "has_items": "2021-06-16 02:28:21 +0200"
    },
    "done": true
  },
  "computercraft:recipes/computercraft/speaker": {
    "criteria": {
      "has_computer": "2021-06-09 12:18:56 +0200"
    },
    "done": true
  },
  "minecraft:recipes/building_blocks/light_blue_concrete_powder": {
    "criteria": {
      "has_sand": "2021-06-09 11:57:32 +0200"
    },
    "done": true
  },
  "bettershields:recipes/combat/diamond_shield": {
    "criteria": {
      "has_diamond": "2021-06-16 02:28:21 +0200"
    },
    "done": true
  },
  "cfm:recipes/cfm/gray_cooler": {
    "criteria": {
      "has_chest": "2021-06-09 03:13:02 +0200"
    },
    "done": true
  },
  "cfm:recipes/cfm/cyan_cooler": {
    "criteria": {
      "has_chest": "2021-06-09 03:13:02 +0200"
    },
    "done": true
  },
  "minecraft:recipes/misc/leather_horse_armor": {
    "criteria": {
      "has_leather": "2021-06-20 23:02:35 +0200"
    },
    "done": true
  },
  "minecraft:recipes/building_blocks/glass": {
    "criteria": {
      "has_sand": "2021-06-09 11:57:32 +0200"
    },
    "done": true
  },
  "minecraft:recipes/combat/iron_helmet": {
    "criteria": {
      "has_iron_ingot": "2021-06-16 01:39:32 +0200"
    },
    "done": true
  },
  "cfm:recipes/cfm/yellow_grill": {
    "criteria": {
      "has_iron": "2021-06-16 01:39:32 +0200"
    },
    "done": true
  },
  "minecraft:recipes/misc/magenta_dye_from_blue_red_white_dye": {
    "criteria": {
      "has_white_dye": "2021-06-09 12:15:37 +0200"
    },
    "done": true
  },
  "minecraft:recipes/redstone/oak_fence_gate": {
    "criteria": {
      "has_planks": "2021-06-09 03:09:44 +0200"
    },
    "done": true
  },
  "minecraft:recipes/redstone/tnt": {
    "criteria": {
      "has_gunpowder": "2021-06-09 11:54:48 +0200"
    },
    "done": true
  },
  "minecraft:recipes/decorations/black_stained_glass_pane": {
    "criteria": {
      "has_glass": "2021-06-09 17:46:20 +0200"
    },
    "done": true
  },
  "minecraft:recipes/building_blocks/smooth_sandstone": {
    "criteria": {
      "has_sandstone": "2021-06-09 03:01:33 +0200"
    },
    "done": true
  },
  "minecraft:recipes/building_blocks/cut_sandstone_slab_from_cut_sandstone_stonecutting": {
    "criteria": {
      "has_cut_sandstone": "2021-06-09 03:01:33 +0200"
    },
    "done": true
  },
  "minecraft:recipes/building_blocks/purple_concrete_powder": {
    "criteria": {
      "has_sand": "2021-06-09 11:57:32 +0200"
    },
    "done": true
  },
  "computercraft:recipes/computercraft/disk_16": {
    "criteria": {
      "has_drive": "2021-06-21 05:47:06 +0200"
    },
    "done": true
  },
  "computercraft:recipes/computercraft/disk_14": {
    "criteria": {
      "has_drive": "2021-06-21 05:47:06 +0200"
    },
    "done": true
  },
  "computercraft:recipes/computercraft/disk_15": {
    "criteria": {
      "has_drive": "2021-06-21 05:47:06 +0200"
    },
    "done": true
  },
  "computercraft:recipes/computercraft/disk_12": {
    "criteria": {
      "has_drive": "2021-06-21 05:47:06 +0200"
    },
    "done": true
  },
  "computercraft:recipes/computercraft/disk_13": {
    "criteria": {
      "has_drive": "2021-06-21 05:47:06 +0200"
    },
    "done": true
  },
  "cfm:recipes/cfm/dark_oak_mail_box": {
    "criteria": {
      "has_chest": "2021-06-09 03:13:02 +0200"
    },
    "done": true
  },
  "computercraft:recipes/skull_cloudy": {
    "criteria": {
      "has_advanced": "2021-06-09 12:18:56 +0200"
    },
    "done": true
  },
  "computercraft:recipes/computercraft/disk_10": {
    "criteria": {
      "has_drive": "2021-06-21 05:47:06 +0200"
    },
    "done": true
  },
  "computercraft:recipes/computercraft/disk_11": {
    "criteria": {
      "has_drive": "2021-06-21 05:47:06 +0200"
    },
    "done": true
  },
  "minecraft:recipes/combat/diamond_chestplate": {
    "criteria": {
      "has_diamond": "2021-06-16 02:28:21 +0200"
    },
    "done": true
  },
  "undergarden:recipes/undergarden_group/gloom_o_lantern": {
    "criteria": {
      "has_torch": "2021-06-09 11:54:07 +0200"
    },
    "done": true
  },
  "minecraft:recipes/decorations/cyan_carpet_from_white_carpet": {
    "criteria": {
      "has_white_carpet": "2021-06-09 18:01:43 +0200"
    },
    "done": true
  },
  "minecraft:recipes/transportation/minecart": {
    "criteria": {
      "has_iron_ingot": "2021-06-16 01:39:32 +0200"
    },
    "done": true
  },
  "supplementaries:recipes/faucet": {
    "criteria": {
      "has_item": "2021-06-16 01:39:32 +0200"
    },
    "done": true
  },
  "minecraft:recipes/tools/iron_hoe": {
    "criteria": {
      "has_iron_ingot": "2021-06-16 01:39:32 +0200"
    },
    "done": true
  },
  "minecraft:husbandry/root": {
    "criteria": {
      "consumed_item": "2021-06-09 16:14:08 +0200"
    },
    "done": true
  },
  "cfm:recipes/cfm/orange_kitchen_sink": {
    "criteria": {
      "has_bucket": "2021-06-09 12:05:40 +0200"
    },
    "done": true
  },
  "minecraft:recipes/transportation/birch_boat": {
    "criteria": {
      "in_water": "2021-06-09 11:43:32 +0200"
    },
    "done": true
  },
  "minecraft:recipes/building_blocks/green_concrete_powder": {
    "criteria": {
      "has_sand": "2021-06-09 11:57:32 +0200"
    },
    "done": true
  },
  "minecraft:recipes/tools/iron_shovel": {
    "criteria": {
      "has_iron_ingot": "2021-06-16 01:39:32 +0200"
    },
    "done": true
  },
  "backpacked:recipes/backpack": {
    "criteria": {
      "has_leather": "2021-06-20 23:02:35 +0200"
    },
    "done": true
  },
  "cfm:recipes/cfm/gray_kitchen_counter": {
    "criteria": {
      "has_stone": "2021-06-16 01:24:20 +0200"
    },
    "done": true
  },
  "aquaculture:recipes/tools/diamond_fishing_rod": {
    "criteria": {
      "has_diamond": "2021-06-16 02:28:21 +0200"
    },
    "done": true
  },
  "cfm:recipes/cfm/stripped_warped_kitchen_sink_light": {
    "criteria": {
      "has_bucket": "2021-06-09 12:05:40 +0200"
    },
    "done": true
  },
  "minecraft:recipes/building_blocks/orange_stained_glass": {
    "criteria": {
      "has_glass": "2021-06-09 03:12:48 +0200"
    },
    "done": true
  },
  "cfm:recipes/cfm/black_kitchen_drawer": {
    "criteria": {
      "has_chest": "2021-06-09 03:13:02 +0200"
    },
    "done": true
  },
  "minecraft:recipes/decorations/item_frame": {
    "criteria": {
      "has_leather": "2021-06-20 23:02:35 +0200"
    },
    "done": true
  },
  "repurposed_structures:fortresses": {
    "criteria": {
      "always": "2021-06-09 02:35:53 +0200"
    },
    "done": true
  },
  "minecraft:recipes/food/baked_potato_from_smoking": {
    "criteria": {
      "has_potato": "2021-06-09 03:13:14 +0200"
    },
    "done": true
  },
  "minecraft:recipes/tools/diamond_hoe": {
    "criteria": {
      "has_diamond": "2021-06-16 02:28:21 +0200"
    },
    "done": true
  },
  "minecraft:recipes/decorations/white_stained_glass_pane": {
    "criteria": {
      "has_glass": "2021-06-09 17:46:15 +0200"
    },
    "done": true
  },
  "bettershields:recipes/combat/iron_shield": {
    "criteria": {
      "has_iron_ingot": "2021-06-16 01:39:32 +0200"
    },
    "done": true
  },
  "minecraft:recipes/tools/diamond_shovel": {
    "criteria": {
      "has_diamond": "2021-06-16 02:28:21 +0200"
    },
    "done": true
  },
  "computercraft:recipes/computercraft/wireless_modem_normal": {
    "criteria": {
      "has_computer": "2021-06-09 12:18:57 +0200"
    },
    "done": true
  },
  "repurposed_structures:ruined_portals": {
    "criteria": {
      "always": "2021-06-09 02:35:53 +0200"
    },
    "done": true
  },
  "cfm:recipes/cfm/crimson_mail_box": {
    "criteria": {
      "has_chest": "2021-06-09 03:13:02 +0200"
    },
    "done": true
  },
  "cfm:recipes/cfm/jungle_mail_box": {
    "criteria": {
      "has_chest": "2021-06-09 03:13:02 +0200"
    },
    "done": true
  },
  "minecraft:recipes/food/baked_potato": {
    "criteria": {
      "has_potato": "2021-06-09 03:13:14 +0200"
    },
    "done": true
  },
  "minecraft:recipes/decorations/black_stained_glass_pane_from_glass_pane": {
    "criteria": {
      "has_black_dye": "2021-06-09 12:15:46 +0200"
    },
    "done": true
  },
  "minecraft:recipes/decorations/magenta_carpet_from_white_carpet": {
    "criteria": {
      "has_white_carpet": "2021-06-09 18:01:42 +0200"
    },
    "done": true
  },
  "campful:recipes/campfire/wisteria_campfire": {
    "criteria": {
      "has_coal": "2021-06-09 11:51:36 +0200"
    },
    "done": true
  },
  "cfm:recipes/cfm/white_grill": {
    "criteria": {
      "has_iron": "2021-06-16 01:39:32 +0200"
    },
    "done": true
  },
  "minecraft:recipes/decorations/glass_pane": {
    "criteria": {
      "has_glass": "2021-06-09 03:12:48 +0200"
    },
    "done": true
  },
  "supplementaries:recipes/lock_block": {
    "criteria": {
      "has_plank": "2021-06-16 01:39:32 +0200"
    },
    "done": true
  },
  "minecraft:recipes/building_blocks/magenta_stained_glass": {
    "criteria": {
      "has_glass": "2021-06-09 03:12:48 +0200"
    },
    "done": true
  },
  "cfm:recipes/cfm/warped_kitchen_drawer": {
    "criteria": {
      "has_chest": "2021-06-09 03:13:02 +0200"
    },
    "done": true
  },
  "minecraft:story/mine_diamond": {
    "criteria": {
      "diamond": "2021-06-16 02:28:21 +0200"
    },
    "done": true
  },
  "variant16x:recipes/building_blocks/cut_sandstone_stairs_from_sandstone_stonecutting": {
    "criteria": {
      "has_sandstone": "2021-06-09 03:01:32 +0200"
    },
    "done": true
  },
  "minecraft:recipes/decorations/green_carpet_from_white_carpet": {
    "criteria": {
      "has_white_carpet": "2021-06-09 18:01:42 +0200"
    },
    "done": true
  },
  "minecraft:recipes/combat/diamond_helmet": {
    "criteria": {
      "has_diamond": "2021-06-16 02:28:21 +0200"
    },
    "done": true
  },
  "minecraft:recipes/transportation/oak_boat": {
    "criteria": {
      "in_water": "2021-06-09 11:43:32 +0200"
    },
    "done": true
  },
  "cfm:recipes/cfm/stripped_warped_kitchen_drawer": {
    "criteria": {
      "has_chest": "2021-06-09 03:13:02 +0200"
    },
    "done": true
  },
  "minecraft:recipes/decorations/anvil": {
    "criteria": {
      "has_iron_block": "2021-06-20 00:54:17 +0200"
    },
    "done": true
  },
  "minecraft:recipes/decorations/sandstone_wall_from_sandstone_stonecutting": {
    "criteria": {
      "has_sandstone": "2021-06-09 03:01:32 +0200"
    },
    "done": true
  },
  "variant16x:recipes/decorations/stone_wall_from_stone_stonecutting": {
    "criteria": {
      "has_stone": "2021-06-16 01:24:20 +0200"
    },
    "done": true
  },
  "minecraft:recipes/building_blocks/cyan_concrete_powder": {
    "criteria": {
      "has_sand": "2021-06-09 11:57:32 +0200"
    },
    "done": true
  },
  "cfm:recipes/cfm/oak_park_bench": {
    "criteria": {
      "has_planks": "2021-06-09 03:09:44 +0200"
    },
    "done": true
  },
  "computercraft:recipes/computercraft/printer": {
    "criteria": {
      "has_computer": "2021-06-09 12:18:56 +0200"
    },
    "done": true
  },
  "cfm:recipes/cfm/stripped_oak_kitchen_sink_light": {
    "criteria": {
      "has_bucket": "2021-06-09 12:05:40 +0200"
    },
    "done": true
  },
  "cfm:recipes/cfm/white_picket_gate": {
    "criteria": {
      "has_concrete": "2021-06-09 17:46:39 +0200"
    },
    "done": true
  },
  "cfm:recipes/cfm/lime_cooler": {
    "criteria": {
      "has_chest": "2021-06-09 03:13:02 +0200"
    },
    "done": true
  },
  "variant16x:recipes/decorations/black_concrete_wall": {
    "criteria": {
      "has_black_concrete": "2021-06-09 17:46:40 +0200"
    },
    "done": true
  },
  "cfm:recipes/cfm/acacia_mail_box": {
    "criteria": {
      "has_chest": "2021-06-09 03:13:02 +0200"
    },
    "done": true
  },
  "computercraft:recipes/computercraft/disk_1": {
    "criteria": {
      "has_drive": "2021-06-21 05:47:06 +0200"
    },
    "done": true
  },
  "cfm:recipes/cfm/warped_mail_box": {
    "criteria": {
      "has_chest": "2021-06-09 03:13:02 +0200"
    },
    "done": true
  },
  "computercraft:recipes/computercraft/disk_2": {
    "criteria": {
      "has_drive": "2021-06-21 05:47:06 +0200"
    },
    "done": true
  },
  "campful:recipes/campfire/crimson_campfire": {
    "criteria": {
      "has_coal": "2021-06-09 11:51:36 +0200"
    },
    "done": true
  },
  "cfm:recipes/cfm/stripped_crimson_mail_box": {
    "criteria": {
      "has_chest": "2021-06-09 03:13:02 +0200"
    },
    "done": true
  },
  "minecraft:recipes/building_blocks/stone_bricks_from_stone_stonecutting": {
    "criteria": {
      "has_stone": "2021-06-16 01:24:20 +0200"
    },
    "done": true
  },
  "cfm:recipes/cfm/stripped_warped_kitchen_sink_dark": {
    "criteria": {
      "has_bucket": "2021-06-09 12:05:40 +0200"
    },
    "done": true
  },
  "minecraft:recipes/tools/diamond_axe": {
    "criteria": {
      "has_diamond": "2021-06-16 02:28:21 +0200"
    },
    "done": true
  },
  "cfm:recipes/cfm/white_picket_fence": {
    "criteria": {
      "has_concrete": "2021-06-09 17:46:39 +0200"
    },
    "done": true
  },
  "cfm:recipes/cfm/light_gray_grill": {
    "criteria": {
      "has_iron": "2021-06-16 01:39:32 +0200"
    },
    "done": true
  },
  "computercraft:recipes/computercraft/pocket_computer_normal": {
    "criteria": {
      "has_computer": "2021-06-09 12:18:56 +0200"
    },
    "done": true
  },
  "cfm:recipes/cfm/magenta_kitchen_sink": {
    "criteria": {
      "has_bucket": "2021-06-09 12:05:40 +0200"
    },
    "done": true
  },
  "cfm:recipes/cfm/stripped_birch_kitchen_drawer": {
    "criteria": {
      "has_chest": "2021-06-09 03:13:02 +0200"
    },
    "done": true
  },
  "campful:recipes/campfire/warped_campfire": {
    "criteria": {
      "has_coal": "2021-06-09 11:51:36 +0200"
    },
    "done": true
  },
  "minecraft:recipes/building_blocks/white_stained_glass": {
    "criteria": {
      "has_glass": "2021-06-09 03:12:48 +0200"
    },
    "done": true
  },
  "cfm:recipes/cfm/stripped_jungle_mail_box": {
    "criteria": {
      "has_chest": "2021-06-09 03:13:02 +0200"
    },
    "done": true
  },
  "variant16x:recipes/redstone/glass_button": {
    "criteria": {
      "has_glass": "2021-06-09 03:12:48 +0200"
    },
    "done": true
  },
  "undergarden:undergarden/root": {
    "criteria": {
      "tick": "2021-06-09 02:35:53 +0200"
    },
    "done": true
  },
  "rediscovered:recipes/tables/oak_table": {
    "criteria": {
      "has_logs": "2021-06-09 03:09:44 +0200"
    },
    "done": true
  },
  "computercraft:recipes/computercraft/disk_7": {
    "criteria": {
      "has_drive": "2021-06-21 05:47:06 +0200"
    },
    "done": true
  },
  "computercraft:recipes/computercraft/disk_8": {
    "criteria": {
      "has_drive": "2021-06-21 05:47:06 +0200"
    },
    "done": true
  },
  "computercraft:recipes/computercraft/disk_9": {
    "criteria": {
      "has_drive": "2021-06-21 05:47:06 +0200"
    },
    "done": true
  },
  "campful:recipes/campfire/dark_oak_campfire": {
    "criteria": {
      "has_coal": "2021-06-09 11:51:36 +0200"
    },
    "done": true
  },
  "computercraft:recipes/computercraft/disk_3": {
    "criteria": {
      "has_drive": "2021-06-21 05:47:06 +0200"
    },
    "done": true
  },
  "computercraft:recipes/computercraft/disk_4": {
    "criteria": {
      "has_drive": "2021-06-21 05:47:06 +0200"
    },
    "done": true
  },
  "computercraft:recipes/computercraft/disk_5": {
    "criteria": {
      "has_drive": "2021-06-21 05:47:06 +0200"
    },
    "done": true
  },
  "extendedmushrooms:recipes/transportation/mushroom_wood/colorless/mushroom_boat": {
    "criteria": {
      "in_water": "2021-06-09 11:43:32 +0200"
    },
    "done": true
  },
  "minecraft:recipes/building_blocks/stone_slab": {
    "criteria": {
      "has_stone": "2021-06-16 01:24:20 +0200"
    },
    "done": true
  },
  "computercraft:recipes/computercraft/disk_6": {
    "criteria": {
      "has_drive": "2021-06-21 05:47:06 +0200"
    },
    "done": true
  },
  "minecraft:recipes/building_blocks/coal_block": {
    "criteria": {
      "has_coal": "2021-06-09 11:51:36 +0200"
    },
    "done": true
  },
  "computercraft:recipes/wired_modem": {
    "criteria": {
      "has_advanced": "2021-06-09 12:18:56 +0200"
    },
    "done": true
  },
  "cfm:recipes/cfm/black_picket_gate": {
    "criteria": {
      "has_concrete": "2021-06-09 17:46:40 +0200"
    },
    "done": true
  },
  "cfm:recipes/cfm/spatula": {
    "criteria": {
      "has_iron": "2021-06-16 01:39:32 +0200"
    },
    "done": true
  },
  "minecraft:recipes/building_blocks/blue_concrete_powder": {
    "criteria": {
      "has_sand": "2021-06-09 11:57:32 +0200"
    },
    "done": true
  },
  "minecraft:recipes/building_blocks/cyan_stained_glass": {
    "criteria": {
      "has_glass": "2021-06-09 03:12:48 +0200"
    },
    "done": true
  },
  "cfm:recipes/cfm/oak_mail_box": {
    "criteria": {
      "has_chest": "2021-06-09 03:13:02 +0200"
    },
    "done": true
  },
  "repurposed_structures:temples": {
    "criteria": {
      "always": "2021-06-09 02:35:53 +0200"
    },
    "done": true
  },
  "variant16x:recipes/decorations/stone_wall": {
    "criteria": {
      "has_stone": "2021-06-16 01:24:20 +0200"
    },
    "done": true
  },
  "cfm:recipes/cfm/white_kitchen_drawer": {
    "criteria": {
      "has_chest": "2021-06-09 03:13:02 +0200"
    },
    "done": true
  },
  "computercraft:recipes/turtle_normal": {
    "criteria": {
      "has_normal": "2021-06-10 00:13:24 +0200"
    },
    "done": true
  },
  "advancementplus:plus/all_diamond_tools": {
    "criteria": {
      "has_hoe": "2021-06-09 11:46:40 +0200",
      "has_sword": "2021-06-09 11:54:40 +0200"
    },
    "done": false
  },
  "cfm:recipes/cfm/dye_black_picket_fence": {
    "criteria": {
      "has_dye": "2021-06-09 12:15:46 +0200"
    },
    "done": true
  },
  "cfm:recipes/cfm/oak_table": {
    "criteria": {
      "has_planks": "2021-06-09 03:09:44 +0200"
    },
    "done": true
  },
  "minecraft:recipes/building_blocks/cut_sandstone_slab_from_sandstone_stonecutting": {
    "criteria": {
      "has_sandstone": "2021-06-09 03:01:32 +0200"
    },
    "done": true
  },
  "minecraft:recipes/redstone/oak_pressure_plate": {
    "criteria": {
      "has_planks": "2021-06-09 03:09:44 +0200"
    },
    "done": true
  },
  "minecraft:recipes/decorations/brown_carpet_from_white_carpet": {
    "criteria": {
      "has_white_carpet": "2021-06-09 18:01:42 +0200"
    },
    "done": true
  },
  "minecraft:recipes/decorations/white_stained_glass_pane_from_glass_pane": {
    "criteria": {
      "has_white_dye": "2021-06-09 12:15:37 +0200"
    },
    "done": true
  },
  "cfm:recipes/cfm/dye_black_picket_gate": {
    "criteria": {
      "has_dye": "2021-06-09 12:15:46 +0200"
    },
    "done": true
  },
  "variant16x:recipes/building_blocks/white_stained_glass_slab": {
    "criteria": {
      "has_white_stained_glass": "2021-06-09 17:46:15 +0200"
    },
    "done": true
  },
  "cfm:recipes/cfm/oak_desk": {
    "criteria": {
      "has_planks": "2021-06-09 03:09:44 +0200"
    },
    "done": true
  },
  "minecraft:recipes/building_blocks/cut_sandstone": {
    "criteria": {
      "has_sandstone": "2021-06-09 03:01:32 +0200"
    },
    "done": true
  },
  "minecraft:story/root": {
    "criteria": {
      "crafting_table": "2021-06-22 04:39:05 +0200"
    },
    "done": true
  },
  "minecraft:recipes/building_blocks/sandstone_slab_from_sandstone_stonecutting": {
    "criteria": {
      "has_sandstone": "2021-06-09 03:01:32 +0200"
    },
    "done": true
  },
  "cfm:recipes/cfm/lime_kitchen_sink": {
    "criteria": {
      "has_bucket": "2021-06-09 12:05:40 +0200"
    },
    "done": true
  },
  "cfm:recipes/cfm/warped_kitchen_sink_dark": {
    "criteria": {
      "has_bucket": "2021-06-09 12:05:40 +0200"
    },
    "done": true
  },
  "cfm:recipes/cfm/magenta_cooler": {
    "criteria": {
      "has_chest": "2021-06-09 03:13:02 +0200"
    },
    "done": true
  },
  "campful:recipes/campfire/acacia_campfire": {
    "criteria": {
      "has_coal": "2021-06-09 11:51:36 +0200"
    },
    "done": true
  },
  "cfm:recipes/cfm/orange_cooler": {
    "criteria": {
      "has_chest": "2021-06-09 03:13:02 +0200"
    },
    "done": true
  },
  "betterendforge:recipes/betterendforge/thallasium_nugget_from_sword_blasting": {
    "criteria": {
      "has_thallasium_sword": "2021-06-10 00:22:41 +0200"
    },
    "done": true
  },
  "minecraft:recipes/combat/leather_chestplate": {
    "criteria": {
      "has_leather": "2021-06-20 23:02:35 +0200"
    },
    "done": true
  },
  "rediscovered:recipes/gear": {
    "criteria": {
      "has_rabbit_hide": "2021-06-16 01:39:32 +0200"
    },
    "done": true
  },
  "minecraft:recipes/redstone/oak_button": {
    "criteria": {
      "has_planks": "2021-06-09 03:09:44 +0200"
    },
    "done": true
  },
  "cfm:recipes/cfm/light_gray_kitchen_sink": {
    "criteria": {
      "has_bucket": "2021-06-09 12:05:40 +0200"
    },
    "done": true
  },
  "cfm:recipes/cfm/acacia_kitchen_drawer": {
    "criteria": {
      "has_chest": "2021-06-09 03:13:02 +0200"
    },
    "done": true
  },
  "cfm:recipes/cfm/pink_kitchen_counter": {
    "criteria": {
      "has_stone": "2021-06-16 01:24:20 +0200"
    },
    "done": true
  },
  "computercraft:recipes/computercraft/cable": {
    "criteria": {
      "has_modem": "2021-06-09 12:18:56 +0200",
      "has_computer": "2021-06-09 12:18:57 +0200"
    },
    "done": true
  },
  "cfm:recipes/cfm/oak_cabinet": {
    "criteria": {
      "has_planks": "2021-06-09 03:09:44 +0200"
    },
    "done": true
  },
  "minecraft:recipes/decorations/blue_carpet_from_white_carpet": {
    "criteria": {
      "has_white_carpet": "2021-06-09 18:01:42 +0200"
    },
    "done": true
  },
  "cfm:recipes/cfm/jungle_kitchen_drawer": {
    "criteria": {
      "has_chest": "2021-06-09 03:13:02 +0200"
    },
    "done": true
  },
  "cfm:recipes/cfm/brown_kitchen_sink": {
    "criteria": {
      "has_bucket": "2021-06-09 12:05:40 +0200"
    },
    "done": true
  },
  "minecraft:recipes/redstone/iron_door": {
    "criteria": {
      "has_iron_ingot": "2021-06-16 01:39:32 +0200"
    },
    "done": true
  },
  "repurposed_structures:outposts": {
    "criteria": {
      "always": "2021-06-09 02:35:53 +0200"
    },
    "done": true
  },
  "campful:recipes/campfire/morado_campfire": {
    "criteria": {
      "has_coal": "2021-06-09 11:51:36 +0200"
    },
    "done": true
  },
  "cfm:recipes/cfm/birch_mail_box": {
    "criteria": {
      "has_chest": "2021-06-09 03:13:02 +0200"
    },
    "done": true
  },
  "variant16x:recipes/building_blocks/black_concrete_stairs": {
    "criteria": {
      "has_black_concrete": "2021-06-09 17:46:41 +0200"
    },
    "done": true
  },
  "cfm:recipes/cfm/stripped_crimson_kitchen_drawer": {
    "criteria": {
      "has_chest": "2021-06-09 03:13:02 +0200"
    },
    "done": true
  },
  "rediscovered:recipes/quiver": {
    "criteria": {
      "has_rabbit_hide": "2021-06-20 23:02:35 +0200"
    },
    "done": true
  },
  "repurposed_structures:ruins": {
    "criteria": {
      "always": "2021-06-09 02:35:53 +0200"
    },
    "done": true
  },
  "cfm:recipes/cfm/gray_grill": {
    "criteria": {
      "has_iron": "2021-06-16 01:39:32 +0200"
    },
    "done": true
  },
  "minecraft:recipes/redstone/oak_door": {
    "criteria": {
      "has_planks": "2021-06-09 03:09:44 +0200"
    },
    "done": true
  },
  "cfm:recipes/cfm/magenta_kitchen_counter": {
    "criteria": {
      "has_stone": "2021-06-16 01:24:20 +0200"
    },
    "done": true
  },
  "cfm:recipes/cfm/lime_grill": {
    "criteria": {
      "has_iron": "2021-06-16 01:39:32 +0200"
    },
    "done": true
  },
  "cfm:recipes/cfm/spruce_kitchen_sink_light": {
    "criteria": {
      "has_bucket": "2021-06-09 12:05:40 +0200"
    },
    "done": true
  },
  "minecraft:recipes/transportation/jungle_boat": {
    "criteria": {
      "in_water": "2021-06-09 11:43:32 +0200"
    },
    "done": true
  },
  "minecraft:adventure/shoot_arrow": {
    "criteria": {
      "shot_arrow": "2021-06-09 13:37:56 +0200"
    },
    "done": true
  },
  "cfm:recipes/cfm/pink_kitchen_sink": {
    "criteria": {
      "has_bucket": "2021-06-09 12:05:40 +0200"
    },
    "done": true
  },
  "minecraft:recipes/decorations/stone_brick_walls_from_stone_stonecutting": {
    "criteria": {
      "has_stone": "2021-06-16 01:24:20 +0200"
    },
    "done": true
  },
  "minecraft:recipes/misc/iron_ingot_from_iron_block": {
    "criteria": {
      "has_iron_block": "2021-06-20 00:54:17 +0200"
    },
    "done": true
  },
  "minecraft:recipes/redstone/heavy_weighted_pressure_plate": {
    "criteria": {
      "has_iron_ingot": "2021-06-16 01:39:32 +0200"
    },
    "done": true
  },
  "minecraft:recipes/transportation/dark_oak_boat": {
    "criteria": {
      "in_water": "2021-06-09 11:43:32 +0200"
    },
    "done": true
  },
  "cfm:recipes/cfm/cyan_grill": {
    "criteria": {
      "has_iron": "2021-06-16 01:39:32 +0200"
    },
    "done": true
  },
  "cfm:recipes/cfm/yellow_kitchen_drawer": {
    "criteria": {
      "has_chest": "2021-06-09 03:13:02 +0200"
    },
    "done": true
  },
  "cfm:recipes/cfm/stone_chair": {
    "criteria": {
      "has_log": "2021-06-16 01:24:20 +0200"
    },
    "done": true
  },
  "cfm:recipes/cfm/stone_bedside_cabinet": {
    "criteria": {
      "has_log": "2021-06-16 01:24:20 +0200"
    },
    "done": true
  },
  "computercraft:recipes/turtle_advanced": {
    "criteria": {
      "has_advanced": "2021-06-09 12:18:56 +0200"
    },
    "done": true
  },
  "minecraft:recipes/building_blocks/stone_stairs": {
    "criteria": {
      "has_stone": "2021-06-16 01:24:20 +0200"
    },
    "done": true
  },
  "upgradednetherite:recipes/upgraded_netherite_sword_smithing": {
    "criteria": {
      "has_netherite_sword": "2021-06-09 11:57:29 +0200"
    },
    "done": true
  },
  "advancementplus:plus/all_the_stones": {
    "criteria": {
      "has_stone": "2021-06-16 01:24:20 +0200"
    },
    "done": false
  },
  "minecraft:recipes/decorations/yellow_carpet_from_white_carpet": {
    "criteria": {
      "has_white_carpet": "2021-06-09 18:01:43 +0200"
    },
    "done": true
  },
  "minecraft:recipes/combat/diamond_boots": {
    "criteria": {
      "has_diamond": "2021-06-16 02:28:21 +0200"
    },
    "done": true
  },
  "rediscovered:recipes/chairs/oak_chair": {
    "criteria": {
      "has_logs": "2021-06-09 03:09:44 +0200"
    },
    "done": true
  },
  "wandering_trapper:recipes/decorations/pelt_scraping_log": {
    "criteria": {
      "has_iron": "2021-06-16 01:39:32 +0200"
    },
    "done": true
  },
  "minecraft:recipes/decorations/gray_carpet_from_white_carpet": {
    "criteria": {
      "has_white_carpet": "2021-06-09 18:01:42 +0200"
    },
    "done": true
  },
  "minecraft:story/smelt_iron": {
    "criteria": {
      "iron": "2021-06-16 01:39:32 +0200"
    },
    "done": true
  },
  "minecraft:recipes/decorations/pink_carpet_from_white_carpet": {
    "criteria": {
      "has_white_carpet": "2021-06-09 18:01:42 +0200"
    },
    "done": true
  },
  "cfm:recipes/cfm/stripped_jungle_kitchen_sink_light": {
    "criteria": {
      "has_bucket": "2021-06-09 12:05:40 +0200"
    },
    "done": true
  },
  "minecraft:recipes/building_blocks/pink_stained_glass": {
    "criteria": {
      "has_glass": "2021-06-09 03:12:48 +0200"
    },
    "done": true
  },
  "repurposed_structures:strongholds": {
    "criteria": {
      "always": "2021-06-09 02:35:53 +0200"
    },
    "done": true
  },
  "campful:recipes/campfire/spruce_campfire": {
    "criteria": {
      "has_coal": "2021-06-09 11:51:36 +0200"
    },
    "done": true
  },
  "advancementplus:plus/workbench": {
    "criteria": {
      "has_crafting_table": "2021-06-22 04:39:05 +0200"
    },
    "done": true
  },
  "cfm:recipes/cfm/oak_kitchen_sink_light": {
    "criteria": {
      "has_bottom": "2021-06-09 03:09:44 +0200"
    },
    "done": true
  },
  "advancementplus:plus/root": {
    "criteria": {
      "minecraft:desert": "2021-06-09 02:35:53 +0200"
    },
    "done": true
  },
  "repurposed_structures:root": {
    "criteria": {
      "always": "2021-06-09 02:35:53 +0200"
    },
    "done": true
  },
  "minecraft:recipes/building_blocks/bone_block": {
    "criteria": {
      "has_bonemeal": "2021-06-09 11:50:32 +0200"
    },
    "done": true
  },
  "variant16x:recipes/redstone/black_stained_glass_button": {
    "criteria": {
      "has_black_stained_glass": "2021-06-09 17:46:20 +0200"
    },
    "done": true
  },
  "cfm:recipes/cfm/oak_coffee_table": {
    "criteria": {
      "has_planks": "2021-06-09 03:09:44 +0200"
    },
    "done": true
  },
  "cfm:recipes/cfm/fridge_light": {
    "criteria": {
      "has_chest": "2021-06-09 03:13:02 +0200"
    },
    "done": true
  },
  "extendedmushrooms:recipes/transportation/mushroom_wood/poisonous_mushroom/poisonous_mushroom_boat": {
    "criteria": {
      "in_water": "2021-06-09 11:43:32 +0200"
    },
    "done": true
  },
  "DataVersion": 2586
}